{
    "version": 2,
    "builds": [
        {
            "src": "index.html",
            "use": "@vercel/static"
        }
    ],
    "routes": [
        {
            "src": "/(.*)",
            "dest": "/$1"
        }
    ],
    "headers": [
        {
            "source": "/(.*)",
            "headers": [
                {
                    "key": "Cache-Control",
                    "value": "public, max-age=0, must-revalidate"
                }
            ]
        }
    ]
}